WIID,Type,Status,Column1,Column2
107910587,WI3,New,10/29/2025 04:36:54,Enqueued
107910589,WI3,New,10/29/2025 04:36:54,Enqueued
107910583,WI3,New,10/29/2025 04:36:54,Enqueued
107910585,WI3,New,10/29/2025 04:36:55,Enqueued
107910590,WI3,New,10/29/2025 04:36:55,Enqueued
107910584,WI3,New,10/29/2025 04:36:55,Enqueued
107910593,WI3,New,10/29/2025 04:36:56,Enqueued
107910582,WI3,New,10/29/2025 04:36:56,Enqueued
107910588,WI3,New,10/29/2025 04:36:56,Enqueued
107910586,WI3,New,10/29/2025 04:36:57,Enqueued
107910595,WI3,New,10/29/2025 04:36:57,Enqueued
107910591,WI3,New,10/29/2025 04:36:57,Enqueued
107910592,WI3,New,10/29/2025 04:36:58,Enqueued
107910594,WI3,New,10/29/2025 04:36:58,Enqueued
